Material,WorkFxn,mag_moment,Bandgap,lat_const,C11,C12,Y2D,G,K,v,V_l,V_s,V_m,T_D
Ba2Cr2Cl6,1.708378,8.714,0.1965,6.908,32.3,21.69,17.73,5.3,27,0.67,3.69,1.49,1.96,260.7
Ba2Mn2F6,1.79723,5.46,0.5112,5.836,40.52,13.35,36.12,13.58,26.93,0.33,3.8,2.2,2.69,424.31
Ba2Ti2Cl6,1.868425,4.648,0.4935,7.253,11.56,11.07,0.96,0.25,11.31,0.96,2.33,0.34,0.48,60.29
Ba2Mn2Br6,1.908017,8.065,0.1615,7.225,34.53,18.75,24.35,7.89,26.64,0.54,3.3,1.58,2.01,256.11
Sr2Mn2Br6,1.982117,8.398,0.2552,7.155,26.28,21.51,8.67,2.38,23.89,0.82,3.03,0.91,1.24,158.85
BaNiCl3,2.014044,1.051,0.7718,6.715,14.47,1.55,14.3,6.46,8.01,0.11,3.35,2.24,2.63,255.22
Ba2V2Cl6,2.051915,4.34,0.2517,7.013,24.11,18.43,10.02,2.84,21.27,0.76,3.24,1.11,1.49,195.05
Ba2Fe2F6,2.071828,2.471,1.305,5.831,33.36,3.91,32.9,14.73,18.63,0.12,3.44,2.28,2.69,424.44
Ba2Ti2Br6,2.124089,4.738,0.2804,7.964,8.61,5.22,5.44,1.69,6.91,0.61,1.83,0.81,1.05,121.26
BaPbF3,2.135703,0.35,0.5407,5.358,44.52,9.63,42.43,17.44,27.07,0.22,4.07,2.55,3.06,371.06
SrNiCl3,2.14172,1.076,0.3172,6.578,29,-7.2,27.21,18.1,10.9,-0.25,5.09,4.02,4.46,441.09
BaNiBr3,2.151413,1.026,0.6962,7.11,5,3.19,2.96,0.9,4.1,0.64,1.74,0.74,0.96,88.05
Ba2V2Br6,2.163344,6.717,0.7821,7.578,17.18,11.32,9.72,2.93,14.25,0.66,2.45,1.01,1.32,160.6
Ba2Cr2Br6,2.217217,8.898,0.4619,7.434,22.85,12.82,15.65,5.01,17.83,0.56,2.77,1.3,1.66,205.61
Ba2Mn2I6,2.231895,8.075,0.0277,8.032,20.6,9.99,15.76,5.31,15.3,0.48,2.46,1.25,1.57,180.25
Ba2Nb2Cl6,2.296963,3.475,0.2067,7.472,12.38,10.24,3.92,1.07,11.31,0.83,2.31,0.68,0.92,113.75
SrPbF3,2.327726,0.366,0.4829,5.127,136.39,-34.58,127.62,85.48,50.9,-0.25,7.29,5.77,6.4,811.74
Ba2Mo2O6,2.346976,3.405,0.2194,5.971,66.32,21.49,59.36,22.42,43.9,0.32,4.68,2.72,3.33,512.6
Ce2Mn2I6,2.38783,3.387,0.2069,5.721,222.41,25.87,219.4,98.27,124.14,0.12,5.74,3.82,4.49,722.64
SrNiBr3,2.492653,1.248,0.1929,6.96,13.79,-8.46,8.61,11.13,2.67,-0.61,3,2.7,2.84,265.3
CaPbF3,2.496043,0.418,0.4418,4.966,74.74,-14.43,71.96,44.59,30.16,-0.19,5.62,4.34,4.86,636.32
BaSnF3,2.528131,0.353,0.1603,5.38,61.14,14.82,57.54,23.16,37.98,0.24,5.43,3.34,4.02,486.52
SrSnF3,2.616823,0.348,0.5193,5.144,149.98,-30.96,143.59,90.47,59.51,-0.21,8.86,6.89,7.69,972.33
SrNiI3,2.63959,1.145,0.179,7.501,14.15,-4.96,12.42,9.56,4.6,-0.35,2.81,2.31,2.52,218.53
CePbBr3,2.646926,1.987,0.4996,6.522,14.16,6.53,11.14,3.81,10.34,0.46,2.31,1.2,1.51,150.23
SrVI3,2.669745,2.794,0.2709,7.807,9.57,1.62,9.29,3.97,5.6,0.17,2.42,1.56,1.85,154.43
BaMnCl3,2.683704,4.536,0.3381,6.656,8.48,-6.99,2.72,7.74,0.74,-0.82,2.56,2.45,2.5,244.47
SrPbBr3,2.705092,0.307,0.4963,6.878,8.28,-5.62,4.47,6.95,1.33,-0.68,1.96,1.79,1.87,176.62
Sr2Mo2O6,2.722893,3.406,0.2207,5.846,47.49,10.87,45,18.31,29.18,0.23,4.27,2.65,3.19,501.74
BaMoI3,2.726627,1.227,0.6361,7.431,1.49,1.47,0.03,0.01,1.48,0.99,0.84,0.06,0.09,7.59
SrSnI3,2.735815,0.028,0.106,7.811,7.77,5.49,3.88,1.14,6.63,0.71,2.05,0.78,1.04,86.33
SrTiBr3,2.74116,1.865,0.3456,7.542,11.36,-0.04,11.36,5.7,5.66,0,3,2.12,2.45,211.3
Ba2Fe2Br6,2.766466,2.313,1.359,7.141,32.04,22.51,16.22,4.76,27.28,0.7,3.14,1.21,1.6,205.56
CaSnF3,2.782907,0.418,0.4744,4.978,68.73,-7.55,67.9,38.14,30.59,-0.11,6.41,4.78,5.42,708.14
CeFeS3,2.785169,1.677,0.1876,5.799,22.69,18.38,7.8,2.15,20.53,0.81,3.69,1.14,1.54,172.38
BaWI3,2.804057,3.86,0.5599,7.789,5.4,3.78,2.76,0.81,4.59,0.7,1.56,0.6,0.8,66.57
SrCrO3,2.820744,1.698,0.503,5.595,10.79,-0.22,10.78,5.5,5.28,-0.02,3.06,2.19,2.52,292.72
SrFeCl3,2.839393,0.293,0.4975,6.389,9.79,-4.28,7.93,7.03,2.76,-0.44,2.89,2.45,2.64,268.88
SrSnBr3,2.841267,0.293,0.5159,6.895,8.39,-2.03,7.9,5.21,3.18,-0.24,2.16,1.7,1.89,178.33
SrMnBr3,2.844047,1.206,0.3467,6.852,10.03,-0.34,10.02,5.19,4.84,-0.03,2.53,1.82,2.09,198.65
BaCrO3,2.845326,1.732,0.49,5.815,27.78,21.13,11.71,3.33,24.46,0.76,4.54,1.57,2.1,234.99
CeMnS3,2.845645,2.393,0.3001,5.895,8.91,4.25,6.88,2.33,6.58,0.48,2.35,1.2,1.52,167.16
SrFeF3,2.847192,3.495,0.0886,5.135,121.76,-38.39,109.66,80.08,41.69,-0.32,9.14,7.41,8.14,1031.08
CeMnSe3,2.870003,4.544,0.1324,6.193,7.34,5.24,3.61,1.05,6.29,0.71,1.84,0.7,0.92,96.96
SrMoI3,2.870911,0.876,0.0986,7.339,13.11,-8.55,7.53,10.83,2.28,-0.65,2.55,2.32,2.43,215.33
SrTiF3,2.878651,2.074,0.4787,5.08,52.71,6.96,51.8,22.88,29.84,0.13,6.07,4,4.72,604.68
CeCoS3,2.879652,2.2,0.2023,5.778,14.88,9.04,9.39,2.92,11.96,0.61,2.96,1.31,1.7,191.04
SrTiCl3,2.88366,2.075,0.1583,6.402,24.86,7.18,22.79,8.84,16.02,0.29,4.69,2.79,3.39,344.9
CaVBr3,2.887041,2.805,0.3196,7.127,12.96,1.73,12.73,5.61,7.34,0.13,3.22,2.12,2.5,228.58
Sr2Cr2Br6,2.887188,5.381,0.1943,7.344,13.33,8.92,7.37,2.21,11.13,0.67,2.22,0.9,1.18,148.41
BaCrBr3,2.891762,4.295,1.2628,7.162,37.08,28.1,15.78,4.49,32.59,0.76,4.81,1.67,2.23,202.88
CaPbBr3,2.910419,0.383,0.7575,6.924,7.64,3.32,6.2,2.16,5.48,0.43,1.98,1.05,1.31,123.49
Ba2W2O6,2.920028,1.834,0.3079,6.001,61.54,26.51,50.12,17.52,44.02,0.43,3.96,2.11,2.63,403.66
SrVCl3,2.929954,2.924,0.5254,6.796,12.34,-6.92,8.46,9.63,2.71,-0.56,3.48,3.08,3.26,312.14
CeCoSe3,2.931215,2.39,0.1544,6.078,58.75,46.26,22.32,6.24,52.51,0.79,5.09,1.66,2.23,238.99
SrPbI3,2.93159,0.179,0.2701,7.856,7.61,5.79,3.2,0.91,6.7,0.76,1.9,0.66,0.88,72.85
Ba2Mo2Br6,2.957095,1.858,0.2975,7.786,16.4,13.99,4.46,1.2,15.19,0.85,2.34,0.63,0.87,102.25
Ca2Sn2F6,2.957441,1.026,1.0563,6.231,38.33,35.26,5.91,1.54,36.8,0.92,4.24,0.85,1.18,173.88
SrVBr3,2.971562,2.951,0.3977,7.213,10.8,-0.83,10.74,5.82,4.98,-0.08,2.78,2.04,2.33,209.99
Sr2W2O6,2.976456,1.818,0.242,5.886,47.65,15.4,42.67,16.13,31.52,0.32,3.67,2.14,2.61,407.9
CeFeSe3,2.979603,2.47,0.1964,6.113,63.71,57.99,10.92,2.86,60.85,0.91,5.35,1.13,1.57,166.96
Sr2Mo2Cl6,2.992174,1.964,1.4725,7.166,8.44,4.26,6.29,2.09,6.35,0.5,1.97,0.98,1.24,159.65
BaVF3,3.01842,2.878,0.2144,5.326,1.24,0.67,0.87,0.28,0.95,0.55,0.86,0.41,0.53,64.14
SrRuBr3,3.024191,0.734,0.1661,6.603,17.67,5.27,16.1,6.2,11.47,0.3,3.06,1.81,2.21,217.45
CaSnBr3,3.030484,0.403,0.673,6.977,7.41,1.49,7.11,2.96,4.45,0.2,2.17,1.37,1.64,153
CaReO3,3.041845,0.954,0.2309,5.66,189.19,184.93,8.41,2.13,187.06,0.98,10.73,1.14,1.6,183.95
CaNiCl3,3.044164,1.332,0.4873,6.362,16.03,14.54,2.83,0.74,15.28,0.91,4.06,0.87,1.21,123.56
CaNiBr3,3.05115,1.308,0.321,6.787,16.01,-1.53,15.87,8.77,7.24,-0.1,3.37,2.49,2.84,271.78
SrRuI3,3.052571,0.777,0.2149,7.171,13.37,-2.63,12.85,8,5.37,-0.2,2.51,1.94,2.17,196.95
Ba2Nb2S6,3.054461,1.469,0.2209,7.011,37.56,20.58,26.29,8.49,29.07,0.55,3.84,1.83,2.33,305.96
CaCrCl3,3.058285,4.228,0.4174,6.271,35.94,33.94,3.88,1,34.94,0.94,6.09,1.02,1.42,146.94
Ca2Mo2Cl6,3.07048,1.839,0.2261,7.245,2.08,1.64,0.79,0.22,1.86,0.79,1.08,0.35,0.48,60.45
Ba2W2Cl6,3.077542,1.839,0.3235,7.182,16.05,6.5,13.42,4.77,11.27,0.4,2.25,1.23,1.52,194.86
BaRuI3,3.088987,0.785,0.2115,7.312,13.5,6.72,10.15,3.39,10.11,0.5,2.47,1.24,1.56,138.92
Ca2W2O6,3.098031,1.843,0.3596,5.84,57.27,24.76,46.57,16.26,41.01,0.43,4.33,2.31,2.88,453.28
BaMoF3,3.122234,3.918,0.0823,5.323,25.73,18.16,12.91,3.79,21.94,0.71,3.62,1.39,1.83,223.95
SrMnI3,3.145537,-0.148,0.6956,7.428,10.26,-0.2,10.25,5.23,5.03,-0.02,2.37,1.7,1.95,170.87
SrTiI3,3.15491,2.041,0.0659,8.181,7.85,0.68,7.79,3.59,4.26,0.09,2.3,1.56,1.82,145.03
CeFeBr3,3.158891,3.863,0.2634,5.716,24.16,4.61,23.28,9.78,14.38,0.19,3.07,1.96,2.33,265.49
CaNbF3,3.164472,2.176,0.4117,4.885,105.49,79.89,44.99,12.8,92.69,0.76,8.31,2.9,3.87,514.85
SrNbBr3,3.169147,2.645,0.6722,6.707,12.62,4.61,10.94,4.01,8.62,0.37,2.65,1.5,1.84,178.68
Ba2Pb2Br6,3.171608,1.108,0.8478,7.853,15.42,11.11,7.42,2.16,13.26,0.72,2.06,0.77,1.02,119.5
SrVF3,3.208888,2.86,0.3615,5.089,36.61,-29.79,12.38,33.2,3.41,-0.81,5.03,4.79,4.9,626.74
SrMoCl3,3.217263,3.833,0.0762,6.204,12.36,-2.74,11.75,7.55,4.81,-0.22,2.92,2.29,2.55,267.04
SrMoF3,3.222207,3.893,0.3457,5.062,130.97,-101.56,52.22,116.27,14.71,-0.78,8.53,8.04,8.27,1062.78
SrIrO3,3.231075,0.973,0.2024,5.705,29.39,28.85,1.08,0.27,29.12,0.98,3.9,0.38,0.53,60.39
CeTiF3,3.231396,2.992,0.6838,4.923,23.94,11.62,18.29,6.16,17.78,0.49,3.51,1.78,2.25,296.96
MgSnF3,3.240332,0.404,0.3077,4.9,24.27,9.13,20.84,7.57,16.7,0.38,3.9,2.18,2.69,356.78
Ba2Co2Cl6,3.248232,3.994,2.3504,6.744,35.21,30.65,8.51,2.28,32.93,0.87,3.71,0.94,1.29,176.51
CeAgO3,3.249636,2.554,0.3531,4.693,17.96,-2.69,17.56,10.32,7.64,-0.15,2.64,2,2.26,312.57
Ce2Sn2F6,3.256252,2.648,0.3062,5.047,13.01,-11.93,2.08,12.47,0.54,-0.92,1.65,1.62,1.64,298.22
Ba2Cu2F6,3.261076,0.172,0.3218,5.755,16.58,10.61,9.79,2.98,13.59,0.64,2.36,1,1.3,208.02
Ba2Co2F6,3.261425,5.24,0.6482,5.778,26.26,0.21,26.26,13.02,13.24,0.01,3,2.12,2.45,389.43
MgPbF3,3.264455,0.376,0.6474,4.865,20.72,3.04,20.27,8.84,11.88,0.15,2.98,1.94,2.3,307.79
BaRuF3,3.265688,0.503,0.6394,5.368,70.42,62.03,15.78,4.2,66.22,0.88,5.98,1.46,2.01,243.17
CaMoBr3,3.271364,3.881,0.3243,6.514,19.74,12.98,11.21,3.38,16.36,0.66,3.41,1.41,1.84,184.08
BaNbF3,3.272075,2.708,0.2553,5.251,45.49,34.8,18.86,5.34,40.15,0.77,4.77,1.63,2.19,270.95
SrPbSe3,3.272873,0.434,0.3052,6.372,16.3,4.2,15.21,6.05,10.25,0.26,2.55,1.55,1.87,191.3
SrAgO3,3.275673,0.869,0.486,5.129,80.09,-14.64,77.41,47.36,32.72,-0.18,6.72,5.16,5.79,734.34
CePbSe3,3.300188,0.964,0.3333,6.017,11.6,2.05,11.24,4.78,6.82,0.18,1.94,1.24,1.48,159.86
Ba2Pb2I6,3.311763,1.114,0.5747,8.043,13,9.71,5.76,1.65,11.35,0.75,1.74,0.62,0.82,94.31
Sr2Nb2S6,3.315886,1.476,0.2449,6.908,23.99,19.72,7.78,2.14,21.85,0.82,3.28,0.98,1.33,176.84
SrNbF3,3.33043,2.497,0.3294,5.036,157.94,-50.13,142.03,104.04,53.91,-0.32,9.38,7.61,8.36,1079.33
CeNbBr3,3.342835,0.721,0.0507,6.259,11,10.32,1.32,0.34,10.66,0.94,2.18,0.38,0.53,55.59
Ba2Nb2Se6,3.368259,1.549,0.2562,7.411,28.83,16.72,19.13,6.06,22.78,0.58,2.97,1.36,1.75,217.39
CaTiBr3,3.373747,1.897,0.2442,7.91,4.4,-2.84,2.57,3.62,0.78,-0.65,2.09,1.9,1.99,163.43
CaNbBr3,3.388159,2.731,0.6671,6.544,22.01,-5.72,20.52,13.87,8.14,-0.26,3.63,2.88,3.19,317.31
CaVF3,3.403146,2.855,0.4106,4.925,13.17,0.97,13.1,6.1,7.07,0.07,3.35,2.28,2.67,352.5
BaMoSe3,3.403606,1.66,0.3253,7.187,16.64,2.16,16.36,7.24,9.4,0.13,3.09,2.04,2.4,217.54
SrIrI3,3.412784,1.513,0.8304,7.311,10.46,-2.29,9.96,6.38,4.09,-0.22,2.1,1.64,1.83,162.67
CeNiSe3,3.414494,1.134,0.5935,6.094,34.07,21.4,20.64,6.34,27.73,0.63,3.89,1.68,2.18,232.6
Mg2Pb2Se6,3.426008,0.714,0.1582,5.706,126.21,24.6,121.42,50.8,75.41,0.19,4.78,3.03,3.62,584.08
SrRuF3,3.433105,0.49,0.8728,5.122,93.48,-66.08,46.77,79.78,13.7,-0.71,7.21,6.66,6.92,879.17
Sr2Co2F6,3.439113,5.296,0.5064,5.646,8.78,1.94,8.36,3.42,5.36,0.22,1.89,1.18,1.42,231.05
SrWI3,3.449601,2.136,0.2209,7.631,9.24,-2.3,8.67,5.77,3.47,-0.25,2.07,1.64,1.82,154.98
BaPtF3,3.458278,1.105,0.1622,5.422,92.44,3.4,92.32,44.52,47.92,0.04,6.03,4.19,4.86,583.45
Ca2W2Br6,3.464826,1.502,1.3895,7.35,3.41,-2.54,1.52,2.97,0.44,-0.74,1.02,0.95,0.98,122.94
Mg2Sn2Se6,3.477434,0.334,0.4127,5.684,75.61,17.12,71.74,29.25,46.37,0.23,4.09,2.55,3.06,494.87
SrPtBr3,3.500536,0.858,0.2796,6.861,18.03,2.13,17.78,7.95,10.08,0.12,2.91,1.93,2.28,215.88
CeNbCl3,3.503875,-0.269,0.3576,5.861,9.15,8.16,1.88,0.5,8.66,0.89,2.2,0.51,0.71,78.3
CaSnS3,3.507328,0.426,0.5352,5.863,31.32,1.39,31.25,14.96,16.35,0.04,4.69,3.24,3.77,418.54
SrPtCl3,3.520821,0.883,0.2261,6.428,15.85,3.17,15.22,6.34,9.51,0.2,2.96,1.87,2.24,226.64
CeVS3,3.52724,1.523,0.493,6.107,6.8,3.39,5.11,1.71,5.09,0.5,2.14,1.07,1.36,144.72
SrCoCl3,3.550122,1.909,1.8733,6.451,14.59,0.94,14.53,6.82,7.77,0.06,3.54,2.42,2.82,284.8
SrPtI3,3.550984,0.801,0.3205,7.542,14.78,2.78,14.25,6,8.78,0.19,2.57,1.64,1.95,168.42
Ca2Mo2O6,3.553321,1.8,0.2951,5.8,52.87,14.6,48.83,19.13,33.73,0.28,5.02,3.02,3.66,580.33
Mg2Sn2Te6,3.566976,0.115,0.1721,6.358,64.46,14.04,61.41,25.21,39.25,0.22,3.59,2.25,2.7,389.94
Ca2Mo2Br6,3.58551,1.921,1.4679,7.699,16.41,11.46,8.42,2.48,13.94,0.7,2.6,1.01,1.33,158.98
Sr2Nb2Se6,3.595163,1.555,0.2906,7.287,22.15,17.43,8.44,2.36,19.79,0.79,2.71,0.89,1.19,150.21
Sr2Ir2I6,3.597596,0,0.3834,8.006,24.82,9.43,21.24,7.7,17.13,0.38,2.51,1.4,1.72,198.09
Ce2Ag2Te6,3.598932,1.744,0.142,6.506,34.68,17.94,25.4,8.37,26.31,0.52,2.46,1.21,1.54,217.18
Ba2Nb2F6,3.602384,4.975,0.5814,5.602,20.68,6.01,18.94,7.34,13.35,0.29,2.43,1.45,1.76,288.4
CeFeF3,3.609373,2.155,0.5787,4.881,100.35,81.25,34.56,9.55,90.8,0.81,7.02,2.17,2.93,389.95
CaReS3,3.612978,0.891,0.4135,6.573,8.79,2.23,8.23,3.28,5.51,0.25,2.48,1.51,1.83,180.83
Ca2Ru2Br6,3.614288,1.886,1.2451,7.151,13.16,6.88,9.56,3.14,10.02,0.52,2.15,1.05,1.33,171.34
Ba2W2S6,3.616114,1.731,0.3522,6.878,41.6,26.38,24.87,7.61,33.99,0.63,3.51,1.5,1.95,260.74
CaReI3,3.616762,-0.026,0.4595,7.216,4.72,-0.72,4.61,2.72,2,-0.15,1.45,1.1,1.24,112.07
Mg2Pb2Cl6,3.629209,0,0.371,7.936,4.41,1.53,3.88,1.44,2.97,0.35,1.46,0.84,1.03,119.01
SrMnF3,3.631466,4.91,0.9404,5.115,133.22,-42.67,119.55,87.95,45.27,-0.32,9.54,7.75,8.51,1082.2
CeIrO3,3.634004,0.762,0.8474,4.835,76.93,17.14,73.11,29.89,47.03,0.22,4.96,3.09,3.71,499.71
CaPtBr3,3.63403,0.863,0.2939,6.645,16.82,-8.45,12.57,12.63,4.18,-0.5,2.86,2.47,2.64,258.86
Mg2Pb2Te6,3.635843,0.231,0.0911,6.367,119.77,24.23,114.87,47.77,72,0.2,4.54,2.87,3.43,495.21
Mg2Mo2Cl6,3.642333,2.072,0.8094,7.362,13.78,7.84,9.32,2.97,10.81,0.57,2.93,1.36,1.75,218.13
MgSnSe3,3.647535,0.104,0.1409,6.045,34.88,13.01,30.03,10.94,23.95,0.37,4.18,2.34,2.89,310.92
Mg2Sn2Cl6,3.647681,0,0.7012,7.826,9.73,5.05,7.11,2.34,7.39,0.52,2.5,1.22,1.55,182.74
Ce2V2Cl6,3.650846,1.602,0.9606,6.23,40.49,19.86,30.76,10.32,30.18,0.49,3.71,1.87,2.37,349.26
Mg2Ti2Cl6,3.655844,3.657,0.7375,7.106,21.71,21.11,1.18,0.3,21.41,0.97,4,0.47,0.66,85.47
CaFeSe3,3.658998,3.567,0.4203,6.327,6.28,4.56,2.96,0.86,5.42,0.73,1.98,0.73,0.97,99.98
Sr2Pt2Br6,3.676821,0.117,0.5636,7.156,9.06,5.61,5.59,1.73,7.34,0.62,1.52,0.66,0.86,110.7
MgNiF3,3.691143,1.883,0.908,4.846,71.11,39.28,49.41,15.91,55.19,0.55,7.89,3.73,4.77,640.11
CaRuF3,3.706814,0.499,1.096,4.943,74.43,-23.67,66.9,49.05,25.38,-0.32,6.92,5.62,6.17,811.36
SrZnBr3,3.723773,0.41,1.1596,6.894,16.05,6.8,13.17,4.63,11.42,0.42,3.18,1.71,2.13,200.87
MgSnS3,3.729844,0.506,0.3088,5.683,82.7,12.11,80.92,35.29,47.4,0.15,7.63,4.98,5.9,675.45
Mg2V2Cl6,3.729902,5.296,1.5192,7.239,15.25,0.93,15.19,7.16,8.09,0.06,3.39,2.32,2.71,344.01
CaVSe3,3.736311,1.044,0,6.662,27.94,4.4,27.25,11.77,16.17,0.16,4.44,2.88,3.42,333.77
Mg2Ni2Cl6,3.741017,2.498,0.0625,7.006,6.2,2.77,4.97,1.72,4.48,0.45,2.05,1.08,1.35,177
Mg2Ru2Cl6,3.742669,2.038,0.8379,7.043,17.02,1.15,16.94,7.94,9.09,0.07,3.08,2.1,2.46,321
CaReBr3,3.742953,-0.067,0.9124,6.491,13.77,1.69,13.56,6.04,7.73,0.12,2.55,1.69,1.99,199.38
SrIrBr3,3.745893,1.55,1.0729,6.708,17.7,2.67,17.3,7.52,10.18,0.15,2.83,1.84,2.18,211.65
Ce2Mo2Cl6,3.750871,1.552,1.0891,6.2,6.51,-0.38,6.49,3.45,3.06,-0.06,1.38,1,1.15,170.37
Ba2Nb2O6,3.751511,0,1.8508,6.003,52.98,25.19,41.01,13.9,39.08,0.48,4.23,2.17,2.73,417.81
Mg2Ni2Br6,3.756261,2.009,0.1124,7.492,4.51,0.97,4.3,1.77,2.74,0.21,1.43,0.9,1.07,131.81
CaPbO3,3.757613,1.796,1.4271,4.85,125.09,-54.04,101.75,89.57,35.53,-0.43,7.21,6.1,6.58,883.09
CeMoTe3,3.760997,3.353,0.4907,6.709,10.45,4.84,8.2,2.8,7.64,0.46,1.99,1.03,1.29,125.52
MgZnSe3,3.761471,0.048,0.0943,6.144,7.06,-2.52,6.16,4.79,2.27,-0.36,2.06,1.7,1.85,196.28
MgCoF3,3.768565,2.91,0.7109,4.851,45.04,1.73,44.97,21.66,23.39,0.04,6.28,4.35,5.06,678.29
CeNbF3,3.768879,3.423,0.7745,4.908,146.62,-91.09,90.03,118.85,27.77,-0.62,7.97,7.17,7.54,999.26
Ca2Ir2I6,3.780695,0,0.3309,7.983,20.91,1.61,20.79,9.65,11.26,0.08,2.38,1.62,1.89,217.98
Ba2Ru2Te6,3.781879,0.899,0.4026,6.756,46.3,28.09,29.25,9.1,37.2,0.61,2.98,1.32,1.71,232.42
CaNiF3,3.781999,1.978,0.3751,4.989,27.42,6.89,25.69,10.26,17.16,0.25,4.78,2.92,3.53,459.93
Mg2Pb2F6,3.783847,0,2.0914,6.201,19.39,8.16,15.96,5.62,13.77,0.42,2.6,1.4,1.74,258.07
Sr2Ru2O6,3.790148,3.784,0.2871,5.767,39.22,38.14,2.13,0.54,38.68,0.97,3.79,0.44,0.62,99.62
Ce2Pb2Cl6,3.791755,1.959,0.5885,6.984,32.59,3.79,32.15,14.4,18.19,0.12,3.02,2.01,2.37,311.63
SrCoBr3,3.791796,1.889,1.7616,6.837,12.26,-6.2,9.13,9.23,3.03,-0.51,2.78,2.41,2.58,245.21
Ba2Mo2F6,3.792324,1.555,0.6504,5.507,15.86,-7.64,12.18,11.75,4.11,-0.48,2.08,1.79,1.92,320.29
CaZnBr3,3.801614,0.404,0.6431,6.815,15.65,-0.24,15.64,7.94,7.71,-0.02,3.31,2.36,2.72,259.46
BaSnSe3,3.801804,0.429,0.3371,6.531,14,7.54,9.94,3.23,10.77,0.54,2.51,1.21,1.54,153.3
BaFeTe3,3.802844,3.477,0.1958,7.105,15.53,9.4,9.84,3.06,12.46,0.61,2.66,1.18,1.53,139.99
CeCoF3,3.811027,-3.324,0.8313,4.881,17.82,-4.39,16.74,11.11,6.72,-0.25,2.94,2.32,2.58,343.35
CaIrBr3,3.816053,1.551,0.7437,6.537,20.44,-1.53,20.32,10.98,9.45,-0.07,3.11,2.28,2.6,258.39
Ba2Co2Br6,3.825698,3.9,2.2185,7.154,27.26,24.63,5,1.31,25.94,0.9,2.89,0.63,0.88,112.64
Mg2V2Br6,3.849803,5.369,1.407,7.689,13,-7.24,8.96,10.12,2.88,-0.56,2.52,2.22,2.36,282.28
MgZnTe3,3.850198,0,0.1513,6.754,10.57,2.11,10.14,4.23,6.34,0.2,2.31,1.46,1.74,167.89
SrZnCl3,3.855401,0.395,1.426,6.445,21.61,16.73,8.66,2.44,19.17,0.77,4.25,1.43,1.91,193.09
BaNbTe3,3.856107,0.735,1.6616,7.568,11.39,1.99,11.04,4.7,6.69,0.17,2.36,1.51,1.8,154.72
Mg2Ti2Br6,3.864371,3.671,0.7284,7.53,5.72,-0.6,5.65,3.16,2.56,-0.11,1.65,1.22,1.39,169.69
Ca2Fe2Te6,3.887467,2.524,0.1762,6.483,61.25,10.09,59.59,25.58,35.67,0.16,3.74,2.42,2.87,407.79
Ce2Ni2O6,3.901601,0.021,0.5249,5.327,53.96,35.24,30.93,9.36,44.6,0.65,4.02,1.67,2.19,377.51
CaMoSe3,3.909709,1.653,0.5495,6.663,11.33,-9.03,4.13,10.18,1.15,-0.8,2.65,2.51,2.58,251.87
SrNiF3,3.911657,2.264,1.2231,5.19,123.24,-37.61,111.76,80.43,42.81,-0.31,9.23,7.45,8.2,1027.63
Ba2Ni2I6,3.913896,1.909,1.4479,7.904,7.69,5.1,4.31,1.29,6.39,0.66,1.47,0.6,0.79,92.05
BaCrS3,3.929643,1.971,0.3995,6.728,27.71,15.5,19.04,6.1,21.6,0.56,4.79,2.25,2.88,278.02
Sr2Fe2Te6,3.93145,2.441,0.2364,6.637,57.12,21.56,48.99,17.78,39.34,0.38,3.53,1.97,2.43,337.16
BaCoO3,3.932726,2.835,0.2008,5.68,31.02,23.74,12.85,3.64,27.38,0.77,4.62,1.58,2.12,242.51
Sr2Nb2O6,3.937139,0,1.9326,5.897,37.42,34.18,6.2,1.62,35.8,0.91,3.85,0.8,1.11,173.08
CePtO3,3.944199,1.671,0.2366,4.821,200.5,5.47,200.35,97.51,102.98,0.03,7.96,5.55,6.44,869.07
BaMoTe3,3.945586,1.749,0.482,7.423,13.96,3.07,13.28,5.44,8.51,0.22,2.55,1.59,1.91,167.44
SrIrCl3,3.950736,1.531,1.1973,6.308,15.97,3.83,15.05,6.07,9.9,0.24,2.93,1.81,2.17,224.15
Mg2Re2Cl6,3.953139,0,1.0999,7.096,15.95,14.45,2.85,0.75,15.2,0.91,2.57,0.56,0.77,99.66
MgZnF3,3.957249,0.052,0.6736,4.91,62.78,60.54,4.42,1.12,61.66,0.96,7.33,0.98,1.38,182.27
Ca2Co2Cl6,3.964136,3.915,1.8535,6.618,21.89,21.51,0.76,0.19,21.7,0.98,3.49,0.33,0.46,63.99
Mg2Ru2Br6,3.974702,1.954,1.0153,7.511,29.84,9.56,26.78,10.14,19.7,0.32,3.47,2.02,2.47,302.45
Mg2Cr2Br6,3.992845,3.822,0.2116,7.481,4.86,-4.1,1.4,4.48,0.38,-0.84,1.5,1.44,1.47,180.4
Ba2Mn2O6,3.998599,5.648,1.5055,5.644,32.82,29.74,5.86,1.54,31.28,0.91,3.37,0.73,1.01,164.22
CaReSe3,4.005314,0.952,0.0001,6.847,16.53,-3.96,15.58,10.24,6.29,-0.24,2.95,2.32,2.58,245.41
Ce2W2Cl6,4.008633,2.661,0.3561,5.911,42.75,14.67,37.72,14.04,28.71,0.34,3.01,1.72,2.12,329.2
SrPbO3,4.013997,1.81,1.6599,4.999,108.88,34.32,98.06,37.28,71.6,0.32,6.43,3.76,4.59,597.8
BaCrSe3,4.015005,2.072,0.4159,7.031,10.34,-6.93,5.7,8.63,1.71,-0.67,2.5,2.28,2.39,220.68
Ba2Mo2S6,4.018595,1.718,0.4182,6.846,39.54,23.18,25.95,8.18,31.36,0.59,3.83,1.74,2.24,301.27
BaPbO3,4.020834,1.789,1.6538,5.14,93.12,-2.51,93.05,47.81,45.3,-0.03,5.72,4.1,4.71,595.87
Sr2Ni2I6,4.031776,1.905,1.4062,7.831,10.38,8.93,2.7,0.73,9.65,0.86,1.77,0.47,0.64,75.41
Mg2Ag2S6,4.043438,0.316,0.1161,5.299,112.5,47.16,92.72,32.67,79.83,0.42,6,3.24,4.03,699.34
Ba2Ni2F6,4.045697,3.921,0.262,5.667,10.21,-1.23,10.07,5.72,4.49,-0.12,1.84,1.38,1.56,252.89
Ca2W2S6,4.047327,1.759,0.342,6.741,18.22,18.12,0.2,0.05,18.17,0.99,2.6,0.14,0.19,26.5
Sr2Co2Br6,4.050037,3.925,1.9791,7.068,26.56,22.84,6.91,1.86,24.7,0.86,2.99,0.79,1.08,140.83
CaAgI3,4.060824,0,1.0047,7.539,18.14,0.68,18.12,8.73,9.41,0.04,3.19,2.21,2.57,221.82
CaNbS3,4.064445,0.629,1.8846,6.494,7.95,0.91,7.84,3.52,4.43,0.12,2.76,1.84,2.16,216.66
Mg2Re2Br6,4.079027,-0.002,1.1198,7.579,17.01,15.99,1.98,0.51,16.5,0.94,2.38,0.41,0.57,69.7
CaReF3,4.085398,0.553,0.7083,4.908,126.49,101.58,44.92,12.46,114.04,0.8,7.49,2.35,3.17,420.23
Mg2Ag2Se6,4.091665,0.657,0.0882,5.833,64.52,-9.28,63.19,36.9,27.62,-0.14,3.94,2.98,3.36,529.71
BaSnS3,4.098657,0.6,0.2114,6.216,14.8,4.87,13.2,4.97,9.84,0.33,2.91,1.69,2.06,215.8
SrPtF3,4.107121,1.259,0.4105,5.138,87.36,0.01,87.36,43.68,43.69,0,5.95,4.21,4.86,614.94
SrZnSe3,4.111778,0.435,0.157,6.588,18.12,-2.91,17.66,10.51,7.61,-0.16,3.24,2.47,2.78,274.38
CaNbSe3,4.121199,0.67,1.6307,6.803,12.1,-9.23,5.06,10.67,1.43,-0.76,2.81,2.64,2.72,260.02
SrWBr3,4.126629,3.694,0.1521,6.67,21.62,8.85,18,6.38,15.24,0.41,3.13,1.7,2.11,206.24
Sr2Ni2F6,4.136089,3.917,0.3299,5.503,7.53,0.86,7.43,3.33,4.19,0.11,1.71,1.14,1.34,223.92
Ce2Cr2O6,4.138454,-1.936,0.487,5.519,49.63,33.2,27.42,8.21,41.41,0.67,4.05,1.65,2.16,359.82
Ba2Ti2Te6,4.144305,-0.002,0.3671,7.855,14.87,9.72,8.52,2.58,12.29,0.65,2.05,0.85,1.12,130.59
Sr2V2O6,4.155798,0,1.8115,5.587,59.7,40.15,32.69,9.77,49.93,0.67,5.1,2.06,2.71,445.61
BaNbS3,4.156637,0.643,2.5503,6.81,16.66,5.61,14.77,5.52,11.14,0.34,3.51,2.02,2.48,236.78
BaIrS3,4.157525,0.907,0.2181,6.556,12.86,7.78,8.15,2.54,10.32,0.61,2.6,1.16,1.49,148.24
MgZnS3,4.161416,0.425,0.2467,5.895,9.3,1.31,9.12,4,5.31,0.14,3.01,1.97,2.33,257.58
Sr2Fe2O6,4.163486,5.65,0.1283,5.461,48.06,42.36,10.73,2.85,45.21,0.88,4.42,1.08,1.48,249.1
Ba2V2S6,4.169437,1.993,0.011,6.748,45.14,20.56,35.78,12.29,32.85,0.46,4.34,2.26,2.84,387.08
Ca2Cu2F6,4.186557,0.229,0.1641,5.661,8.03,5.92,3.67,1.06,6.98,0.74,2.04,0.74,0.99,160.17
Ca2Nb2O6,4.187393,0,2.2513,5.851,31.16,16.15,22.78,7.5,23.66,0.52,3.92,1.92,2.44,383.91
Mg2Ag2Te6,4.195756,0.698,0.1125,6.561,59.72,-2.91,59.58,31.32,28.4,-0.05,3.61,2.61,2.99,419.51
MgPbO3,4.195879,1.858,1.164,4.692,223.6,-55.48,209.83,139.54,84.06,-0.25,9.58,7.57,8.4,1164.54
BaCoSe3,4.198628,2.676,0.3315,6.662,24.28,17.14,12.19,3.57,20.71,0.71,3.6,1.38,1.82,178.15
Ba2Ir2O6,4.198805,1.868,0.3068,5.877,62.88,32.48,46.1,15.2,47.68,0.52,3.87,1.9,2.42,378.19
Ca2Ag2Te6,4.201059,0.11,0.0882,6.57,62.28,15.87,58.24,23.21,39.08,0.25,3.63,2.22,2.68,374.87
BaRuTe3,4.205737,1.941,0.288,7.161,13.53,5.7,11.13,3.92,9.61,0.42,2.41,1.3,1.62,146.84
BaMoO3,4.207365,0,3.2075,6.005,16.78,6.66,14.14,5.06,11.72,0.4,3.35,1.84,2.28,246.99
Sr2Cr2O6,4.211772,3.669,0.1254,5.535,61.32,26.77,49.64,17.28,44.05,0.44,5.11,2.71,3.39,562.99
BaAgI3,4.217438,0,2.3161,7.897,17.72,0.67,17.7,8.53,9.2,0.04,3.03,2.1,2.45,201.45
Mg2Mn2F6,4.225755,5.534,2.2402,5.854,21.51,7.85,18.65,6.83,14.68,0.36,3.76,2.12,2.61,409.72
SrWF3,4.226618,2.745,0.5384,5.083,72.15,-3.9,71.94,38.02,34.13,-0.05,5.44,3.95,4.52,578.32
SrTiO3,4.238121,0,2.4362,5.465,39.96,26,23.05,6.98,32.98,0.65,5.82,2.43,3.18,378.04
SrCuCl3,4.239713,0,2.7048,6.717,26.08,-3.57,25.59,14.82,11.25,-0.14,4.88,3.68,4.16,402.37
Mg2Sn2F6,4.249559,0,2.712,6.128,4.16,-0.27,4.14,2.21,1.94,-0.07,1.43,1.04,1.19,178.51
BaCuI3,4.251933,0,2.4767,7.824,25.35,8.75,22.33,8.3,17.05,0.35,3.73,2.13,2.62,217.78
BaNbSe3,4.252823,0.681,2.451,7.121,14.3,2.05,14.01,6.13,8.18,0.14,2.85,1.86,2.2,201.27
Mg2Co2Te6,4.253801,3.187,0.1078,6.418,32.47,14.44,26.05,9.01,23.45,0.44,2.74,1.44,1.8,258.43
BaCoTe3,4.255368,1.953,0.1969,7.017,13.75,10.29,6.05,1.73,12.02,0.75,2.47,0.88,1.17,108.16
CaCrS3,4.259159,1.923,0.0004,6.313,13.83,0.26,13.82,6.78,7.04,0.02,3.91,2.74,3.17,326.55
CaMnTe3,4.26017,3.108,0.3007,6.849,6.56,6.34,0.44,0.11,6.45,0.97,1.83,0.24,0.33,31.78
SrIrS3,4.265699,0.907,0.2572,6.372,4.43,0.27,4.41,2.08,2.35,0.06,1.58,1.08,1.26,128.89
Ba2Ru2S6,4.274616,3.434,0.5141,6.604,42.24,21.75,31.03,10.24,31.99,0.51,3.79,1.87,2.37,329.69
Mg2Ni2Te6,4.27556,1.761,0.184,6.397,50.97,23.64,40,13.66,37.31,0.46,3.42,1.77,2.22,319.45
Mg2Fe2Te6,4.276017,2.463,0.1784,6.402,40.61,27.26,22.3,6.67,33.94,0.67,3.06,1.24,1.63,233.69
Mg2Cu2Te6,4.276176,0.323,0.2252,6.467,52.42,-5.01,51.95,28.72,23.71,-0.1,3.48,2.58,2.93,417.03
BaCuCl3,4.279094,0,3.1777,6.819,21.11,16.74,7.84,2.19,18.93,0.79,4.08,1.31,1.77,168.72
Mg2Cr2Cl6,4.285234,1.976,1.8972,7.041,18.15,9.14,13.55,4.5,13.64,0.5,3.58,1.79,2.26,295.22
Ba2Ti2Se6,4.286515,0,0.7487,7.136,36.29,14.68,30.35,10.81,25.48,0.4,3.38,1.84,2.29,295
SrWCl3,4.292595,3.68,0.1001,6.17,32.44,17.26,23.26,7.59,24.85,0.53,4.13,2,2.54,268.04
SrCuBr3,4.293616,0,2.2457,7.165,15.64,-9.54,9.83,12.59,3.05,-0.61,3.27,2.94,3.09,280.6
Mg2Mn2Br6,4.296585,9.118,1.6855,7.31,22.88,9.38,19.03,6.75,16.13,0.41,3.16,1.72,2.13,268.48
MgNbSe3,4.303502,0.349,0.5592,6.936,3.79,1.68,3.05,1.05,2.74,0.44,1.64,0.86,1.08,101.39
BaCrTe3,4.303628,2.22,0.3041,7.334,13.71,3.86,12.62,4.92,8.79,0.28,2.59,1.55,1.88,167.14
SrReF3,4.307721,0.552,0.9862,5.087,127.36,-72.43,86.17,99.9,27.47,-0.57,7.21,6.38,6.76,864.04
BaCoS3,4.3085,2.651,0.2258,6.381,10.64,8.73,3.48,0.96,9.69,0.82,2.78,0.83,1.13,115.05
Ca2Co2Br6,4.310472,3.861,1.6264,7.051,21.09,16.1,8.79,2.49,18.6,0.76,2.84,0.98,1.31,170.38
Ba2V2Te6,4.313906,2.479,0.5334,7.884,14.89,8.87,9.61,3.01,11.88,0.6,2.06,0.92,1.19,139.12
CeIrSe3,4.318701,0.968,0.823,6.101,13.73,12.87,1.66,0.43,13.3,0.94,2.16,0.38,0.53,56.77
BaCuTe3,4.324604,0,0.8408,6.979,20.89,16.82,7.34,2.03,18.85,0.81,3.01,0.94,1.27,118.35
Mg2Cr2Te6,4.32506,6.648,0.0671,6.663,4.33,-2.03,3.39,3.18,1.15,-0.47,1.05,0.9,0.96,132.79
Ba2Mo2Se6,4.330251,1.796,0.3978,7.269,31.03,19.75,18.46,5.64,25.39,0.64,3.01,1.29,1.67,211.6
CaCuBr3,4.336148,0,1.6382,7.097,10.13,1.4,9.94,4.36,5.77,0.14,2.78,1.83,2.16,197.99
MgMoTe3,4.336405,1.425,0.628,7.189,11.08,-2.8,10.38,6.94,4.14,-0.25,2.44,1.93,2.14,193.44
MgVS3,4.33881,0.794,0.7395,6.18,42.91,8.8,41.1,17.05,25.85,0.21,7.06,4.45,5.32,560.39
CaVS3,4.339409,0.887,2.1459,6.344,44.13,4.67,43.64,19.73,24.4,0.11,7.03,4.7,5.53,566.88
SrZnF3,4.34035,0.398,1.5229,5.213,33.13,8.39,31,12.37,20.76,0.25,4.73,2.89,3.49,434.99
CaCuI3,4.348164,0,1.0131,7.722,21.17,10.56,15.91,5.31,15.86,0.5,3.69,1.85,2.33,196.63
Ca2Ni2Te6,4.351417,1.61,0.1402,6.508,60.93,22.33,52.75,19.3,41.63,0.37,3.74,2.1,2.59,366.46
Ca2Cu2Te6,4.354342,0.119,0.0869,6.54,66.55,22.14,59.18,22.2,44.35,0.33,3.91,2.26,2.76,388.58
Sr2Ag2Te6,4.354775,0.003,0.1963,6.646,64.97,12.15,62.7,26.41,38.56,0.19,3.6,2.29,2.73,378.48
CaCrSe3,4.355617,2.039,0.4443,6.55,12.35,-1.96,12.04,7.16,5.19,-0.16,2.9,2.21,2.48,246.52
Ba2Ti2O6,4.359643,0,1.8009,5.829,51.72,19.13,44.64,16.29,35.42,0.37,4.43,2.49,3.07,484.15
MgRuSe3,4.362965,1.792,0.3326,6.27,26.2,13.89,18.84,6.16,20.05,0.53,3.85,1.87,2.37,246.36
CaCrTe3,4.363366,3.319,0.212,6.954,3.43,-0.21,3.42,1.82,1.61,-0.06,1.35,0.98,1.12,105.15
Sr2Mn2O6,4.376921,5.636,1.3215,5.476,72.02,27.42,61.59,22.3,49.72,0.38,5.44,3.02,3.74,627.91
Mg2Pt2Te6,4.379216,0.638,0.0959,6.42,28.69,-8.19,26.35,18.44,10.25,-0.29,2.26,1.81,2,286.76
MgVSe3,4.381544,0.844,0.556,6.542,21.24,11.57,14.94,4.84,16.41,0.54,3.9,1.86,2.37,235.93
Mg2Fe2Se6,4.383151,2.626,0.3715,5.765,48.09,42.18,11.1,2.96,45.13,0.88,3.62,0.9,1.23,196.87
CaPtF3,4.388242,1.29,0.4721,4.951,93.96,48.51,68.91,22.72,71.23,0.52,6.41,3.15,4,525.64
Mg2Ni2Se6,4.392021,1.885,0.1532,5.727,67.67,30.26,54.14,18.7,48.96,0.45,4.25,2.24,2.8,449.54
Ce2Ni2S6,4.392891,3.78,0.2364,5.894,49,34.31,24.97,7.34,41.65,0.7,3.88,1.5,1.98,309.04
CaNiTe3,4.408078,-0.28,0.3682,6.619,18.68,17.1,3.02,0.79,17.89,0.92,2.98,0.61,0.85,83.22
SrIrSe3,4.412889,0.807,0.3195,6.68,21.25,9.39,17.1,5.93,15.32,0.44,3.09,1.63,2.04,198.98
Sr2Ti2Se6,4.422231,0,0.5179,7.031,24.83,16.76,13.53,4.04,20.79,0.67,2.93,1.18,1.55,202.84
Ba2V2Se6,4.423361,2.1,0.7478,7.076,38.04,19.7,27.83,9.17,28.87,0.52,3.42,1.68,2.13,276.85
CeZnBr3,4.425668,0.969,1.4127,6.279,15.76,0.26,15.76,7.75,8.01,0.02,2.7,1.89,2.19,226.91
Mg2Ir2Te6,4.426524,0.695,0.2428,6.472,49.67,14.21,45.61,17.73,31.94,0.29,3.01,1.8,2.18,310.13
Ca2V2O6,4.430404,0,1.7987,5.487,45.36,40.56,9.09,2.4,42.96,0.89,5.06,1.16,1.6,268.89
MgMoS3,4.430973,1.296,0.4474,6.231,41.93,3.21,41.68,19.36,22.57,0.08,6.26,4.25,4.98,519.55
Ca2Pt2Te6,4.43166,0.077,0.1175,6.466,50.31,14.99,45.84,17.66,32.65,0.3,2.98,1.76,2.15,305.47
Mg2Zn2Te6,4.436231,1.164,0.1505,6.448,72.33,9.63,71.04,31.35,40.98,0.13,4.07,2.68,3.17,451.87
CaIrTe3,4.453302,0.736,0.2208,6.822,6.71,6.18,1.02,0.27,6.44,0.92,1.63,0.32,0.45,42.81
Ca2W2Se6,4.455914,1.903,0.2732,7.123,11.84,5.16,9.6,3.34,8.5,0.44,1.84,0.98,1.22,158.01
MgMnSe3,4.460413,2.68,0.3812,6.309,14.38,-8.51,9.34,11.44,2.93,-0.59,3.07,2.74,2.89,298.17
SrRuSe3,4.461795,1.726,0.5513,6.608,41.39,-23.48,28.08,32.43,8.96,-0.57,4.71,4.17,4.41,434.16
Ce2Pt2Te6,4.465103,1.924,0.2183,6.605,34.04,20.6,21.57,6.72,27.32,0.61,2.32,1.03,1.33,185.69
Ca2Ir2Te6,4.466093,0.231,0.1735,6.466,46.51,-2.15,46.41,24.33,22.18,-0.05,2.87,2.08,2.38,338.5
BaVO3,4.468367,0.732,3.2666,5.729,21.2,-0.41,21.19,10.8,10.4,-0.02,3.92,2.8,3.22,365.56
MgRuS3,4.476693,1.745,0.2066,5.969,14.31,-4.17,13.09,9.24,5.07,-0.29,3.46,2.78,3.07,334.38
CeWF3,4.481838,-0.6,0.1591,4.908,135.5,58.02,110.65,38.74,96.76,0.43,6.68,3.57,4.46,590.65
Ba2Zn2Te6,4.482083,0.035,0.1442,6.639,79.54,16.5,76.12,31.52,48.02,0.21,3.95,2.49,2.98,412.41
Ca2Fe2O6,4.484154,5.712,0.23,5.348,49.61,25.58,36.42,12.02,37.6,0.52,5.07,2.49,3.17,544.52
Ba2Ti2S6,4.484905,0,1.1506,6.833,42.15,15.14,36.72,13.51,28.65,0.36,4.27,2.42,2.97,400.48
Mg2Co2Se6,4.49019,0.678,0.2252,5.798,60.6,53.19,13.9,3.7,56.89,0.88,4.07,1.01,1.38,219.22
Ce2Sn2O6,4.495305,1.92,2.5606,5.793,20.48,-2.78,20.1,11.63,8.85,-0.14,2.42,1.82,2.06,326.6
Sr2V2S6,4.49546,1.966,0.2541,6.601,38.47,24.82,22.46,6.82,31.64,0.65,4.31,1.82,2.37,330.05
Ca2Nb2S6,4.504995,0,1.3703,6.867,15.81,13.99,3.43,0.91,14.9,0.88,2.91,0.7,0.96,128.67
CaPtTe3,4.512865,0.172,0.2929,6.696,20.99,16.93,7.34,2.03,18.96,0.81,2.82,0.88,1.18,115.02
Sr2Ni2Te6,4.525853,1.917,0.2793,6.646,40.61,22.73,27.89,8.94,31.67,0.56,2.97,1.39,1.79,247.17
Ca2Pt2Se6,4.527472,0.084,0.1662,5.722,55.66,-12.89,52.67,34.27,21.38,-0.23,3.17,2.49,2.77,445.22
Ce2Ir2Te6,4.530451,1.827,0.1481,6.712,10.88,-9,3.43,9.94,0.94,-0.83,1.34,1.28,1.31,179.02
Ba2Ag2Te6,4.531937,0,0.2047,6.751,62.32,7.69,61.37,27.31,35,0.12,3.43,2.27,2.68,365.24
BaRuSe3,4.54132,1.726,0.8751,6.826,27.16,18.12,15.07,4.52,22.64,0.67,3.73,1.52,1.99,189.64
Sr2Cu2Te6,4.541741,0.003,0.2132,6.635,65.63,17.23,61.11,24.2,41.43,0.26,3.76,2.28,2.76,382.2
Sr2Pb2Se6,4.549833,0.781,0.1799,6.481,23.8,2.99,23.42,10.4,13.4,0.13,2.21,1.46,1.73,245.04
MgPbCl3,4.552835,0.32,0.9799,6.731,7.16,2.8,6.07,2.18,4.98,0.39,2.24,1.23,1.53,147.76
Sr2Ti2S6,4.555706,0,0.9126,6.705,30.89,17.76,20.69,6.57,24.32,0.57,3.95,1.82,2.34,321.17
Sr2V2Se6,4.560009,2.074,0.5102,6.957,28.98,19.17,16.29,4.9,24.07,0.66,3.12,1.28,1.68,221.96
Ba2Zn2I6,4.561002,0,1.8568,7.89,18.21,9.57,13.18,4.32,13.89,0.53,2.25,1.1,1.39,162.49
Sr2Pt2Te6,4.562893,0.104,0.0839,6.575,41.33,3.46,41.04,18.93,22.39,0.08,2.65,1.79,2.1,293.38
MgTiTe3,4.568675,0.402,0.3408,7.214,10.23,3.93,8.72,3.15,7.08,0.38,2.47,1.37,1.69,152.79
BaMnTe3,4.571245,3.054,0.3382,7.241,7.69,-5.03,4.4,6.36,1.33,-0.65,1.91,1.74,1.82,163.39
Ca2Ti2Se6,4.577961,0,0.3419,6.985,17.28,13.7,6.42,1.79,15.49,0.79,2.6,0.84,1.13,148.4
BaRuS3,4.57844,1.68,1.3024,6.578,10.4,-2.21,9.93,6.3,4.09,-0.21,2.65,2.06,2.3,227.46
BaPtSe3,4.583878,0.279,0.2503,6.813,3,1.21,2.51,0.9,2.1,0.4,1.13,0.62,0.77,73.14
SrPtTe3,4.603648,0.168,0.2925,6.868,19.08,6.83,16.63,6.12,12.96,0.36,2.66,1.5,1.85,175.3
MgSnCl3,4.610421,0.324,0.9892,6.668,2.49,0.18,2.48,1.16,1.33,0.07,1.52,1.04,1.21,118.27
MgRuF3,4.612056,0.414,1.1685,4.805,79.03,19.4,74.26,29.81,49.21,0.25,7.22,4.44,5.35,723.63
Ba2Cr2Se6,4.612075,4.31,0.3456,6.988,35.71,21.91,22.27,6.9,28.81,0.61,3.27,1.44,1.86,244.67
Ca2Nb2Se6,4.613173,0,1.3334,7.245,14.73,6.78,11.6,3.97,10.75,0.46,2.33,1.21,1.52,193.17
Ba2Ir2Te6,4.614898,0.536,0.1067,7.32,26.73,26.52,0.41,0.1,26.62,0.99,2.29,0.14,0.2,25.14
MgReSe3,4.615897,0.069,0.1556,7.103,8.73,-3.5,7.33,6.11,2.62,-0.4,2.27,1.9,2.06,188.31
Mg2Cu2Se6,4.621949,0.53,0.1434,5.889,58.26,-1.85,58.2,30.06,28.21,-0.03,4.03,2.89,3.32,518.97
Mg2Pt2Br6,4.624008,0.118,0.5229,7.687,18.88,9.09,14.5,4.89,13.98,0.48,2.52,1.28,1.61,193.23
SrIrF3,4.624708,1.707,0.8186,5.108,103.37,-70.27,55.6,86.82,16.55,-0.68,6.46,5.92,6.17,786.13
MgSnO3,4.626183,1.845,1.0853,4.694,204.82,-49.97,192.62,127.39,77.42,-0.24,11.1,8.75,9.72,1346.84
Sr2Ru2S6,4.627399,3.411,0.3301,6.465,46.41,34.3,21.06,6.05,40.36,0.74,4.21,1.52,2.02,287.98
Ba2Cr2S6,4.634341,4.091,0.2459,6.66,42.86,23.46,30.02,9.7,33.16,0.55,4.17,1.98,2.53,349.61
Mg2Ir2Br6,4.639268,0.037,1.2994,7.618,8.78,8.36,0.83,0.21,8.57,0.95,1.71,0.27,0.37,44.89
MgMnS3,4.640225,2.695,0.3042,5.978,21.29,-6.02,19.59,13.65,7.64,-0.28,4.76,3.81,4.2,457.41
Ca2Co2I6,4.644614,3.873,1.6999,7.657,15.87,10.5,8.93,2.69,13.18,0.66,2.25,0.93,1.21,145.38
Ba2Ir2F6,4.651772,0.3,0.7655,5.613,31.7,13.41,26.03,9.15,22.56,0.42,2.6,1.39,1.74,284.62
Ca2Zn2Te6,4.667004,0,0.3774,6.453,87.76,19.04,83.63,34.36,53.4,0.22,4.42,2.76,3.31,472.35
Mg2W2S6,4.672183,1.628,0.4355,6.902,5.83,4.04,3.02,0.89,4.94,0.69,1.54,0.6,0.79,105.92
Sr2Ti2O6,4.678908,0,1.4316,5.675,45.26,25.35,31.07,9.96,35.31,0.56,4.55,2.13,2.73,442.98
Ca2Ag2Se6,4.700145,0,0.257,5.952,65.24,12.69,62.77,26.27,38.97,0.19,3.96,2.51,3,463.36
Sr2Ir2O6,4.701643,1.867,0.2907,5.779,45.97,40.04,11.09,2.96,43.01,0.87,3.49,0.89,1.22,193.59
Ba2Ru2Se6,4.71188,3.038,0.2133,6.829,28.78,16.97,18.77,5.91,22.87,0.59,2.71,1.23,1.58,213.26
Ca2Cr2O6,4.71343,3.709,0.2433,5.481,42.88,22.55,31.03,10.17,32.72,0.53,4.9,2.38,3.03,508.76
CaAgCl3,4.718162,0,2.2039,6.328,13.14,-10.86,4.17,12,1.14,-0.83,3.28,3.14,3.21,329.9
Ba2Fe2S6,4.720201,3.055,0.1114,6.498,46.3,31.16,25.33,7.57,38.73,0.67,4.2,1.7,2.23,314.99
BaPtS3,4.724734,0.288,0.2142,6.511,22.5,18.04,8.03,2.23,20.27,0.8,3.41,1.07,1.45,144.49
MgTiS3,4.725635,0,0.3511,6.225,4.67,-1.9,3.9,3.28,1.39,-0.41,2.37,1.99,2.15,224.81
BaNiTe3,4.731423,0.283,0.2771,6.943,19.87,13.74,10.38,3.07,16.81,0.69,2.94,1.15,1.52,142.31
Ba2Co2Te6,4.745153,3.125,0.1681,7.116,34.15,18.39,24.24,7.88,26.27,0.54,2.79,1.34,1.71,220.84
CaMnSe3,4.748412,2.943,0.2938,6.449,14,2.52,13.55,5.74,8.26,0.18,3.02,1.94,2.31,232.61
BaCuSe3,4.755991,0,0.5486,6.54,23.54,19.41,7.53,2.06,21.48,0.82,3.46,1.03,1.39,138.3
MgMoSe3,4.76334,1.291,0.3419,6.877,24.03,-4.45,23.2,14.24,9.79,-0.19,4.07,3.14,3.51,332.32
Sr2Cr2Se6,4.765415,4.274,0.206,6.867,31.12,20.18,18.03,5.47,25.65,0.65,3.19,1.34,1.74,233.48
Ca2Ti2S6,4.768989,0,0.7406,6.645,22.89,15.05,12.99,3.92,18.97,0.66,3.78,1.56,2.04,283.07
Ce2Mn2S6,4.77466,3.91,0.3,6.12,63.27,53.57,17.9,4.85,58.42,0.85,4.61,1.27,1.74,261.13
Ba2Ni2Te6,4.777695,1.797,0.0443,6.988,32.73,21.37,18.78,5.68,27.05,0.65,2.68,1.12,1.46,192.09
Ba2Cu2Te6,4.779085,0,0.2607,6.784,58.28,11.55,55.99,23.37,34.92,0.2,3.46,2.19,2.62,355.05
CaMnS3,4.779146,2.781,0.3092,6.16,15.48,-2.98,14.9,9.23,6.25,-0.19,4,3.09,3.46,365.22
Ba2Zn2O6,4.780693,3.567,0.0956,5.569,33.09,26.44,11.96,3.32,29.76,0.8,3.27,1.04,1.4,230.55
Ca2Ni2Se6,4.78176,1.957,0.2568,5.963,54.05,12.42,51.2,20.82,33.23,0.23,3.86,2.4,2.88,444.42
Sr2Zn2Te6,4.787634,0,0.5603,6.543,86.13,15.29,83.41,35.42,50.71,0.18,4.24,2.72,3.23,454.58
Ce2Mn2Se6,4.796183,3.439,0.1576,6.343,29.85,23.03,12.09,3.41,26.44,0.77,2.69,0.91,1.22,176.84
CeIrCl3,4.808115,-0.905,0.098,5.831,16.88,7.2,13.8,4.84,12.04,0.43,2.61,1.4,1.74,194.45
Ce2Mo2F6,4.808599,-0.203,0.1249,5.337,29.52,-11.41,25.11,20.47,9.05,-0.39,2.74,2.28,2.47,426.56
Ba2Fe2Te6,4.824421,2.901,0.1401,7.147,10.85,1.97,10.49,4.44,6.41,0.18,1.58,1.01,1.21,155.34
Mg2W2Se6,4.830157,1.727,0.3596,7.268,10.15,6.06,6.53,2.05,8.1,0.6,1.77,0.8,1.03,129.9
SrPtO3,4.83644,0,2.9002,5.717,59.41,49.27,18.56,5.07,54.34,0.83,5.53,1.62,2.19,249.68
SrNiSe3,4.855299,0.255,0.3732,6.361,10.47,-8.13,4.15,9.3,1.17,-0.78,2.4,2.26,2.33,238.13
Ce2Fe2O6,4.861515,0.011,1.5952,5.385,72.56,51.55,35.94,10.51,62.05,0.71,4.74,1.8,2.38,407.38
Ca2V2S6,4.861736,1.988,0.1291,6.532,21.44,18.32,5.79,1.56,19.88,0.85,3.57,0.96,1.31,185.16
Mg2Ru2I6,4.8685,2.076,0.7253,7.947,14.03,2.54,13.57,5.74,8.28,0.18,2.14,1.37,1.63,188.45
Sr2Pt2Se6,4.886571,0.08,0.1134,5.965,18.47,-3.54,17.79,11,7.47,-0.19,1.82,1.4,1.57,241.95
Ba2Pt2O6,4.886671,0,1.4677,5.857,66.87,30.95,52.55,17.96,48.91,0.46,3.96,2.05,2.58,405.2
Ba2Ni2O6,4.890961,3.74,1.4755,5.57,56.81,43.32,23.78,6.75,50.07,0.76,4.34,1.5,2,330.16
Ca2Mn2O6,4.894755,5.655,1.3692,5.383,55.16,20.27,47.71,17.44,37.71,0.37,5.4,3.04,3.74,639.39
Ca2Ag2S6,4.895508,0,0.3405,5.623,59.74,6.92,58.93,26.41,33.33,0.12,4.49,2.99,3.52,575.27
Sr2Ag2Se6,4.900999,0,0.2274,6.078,66.73,9.24,65.45,28.75,37.98,0.14,3.86,2.53,2.99,452.76
BaMnO3,4.903699,2.716,3.8132,5.758,34.63,28.19,11.7,3.22,31.41,0.81,4.99,1.52,2.06,232.71
CaSnO3,4.907383,1.782,1.3913,4.845,113.16,-9.28,112.4,61.22,51.94,-0.08,8.18,6.02,6.86,920.62
SrNiS3,4.917776,0.154,0.4124,6.109,13.92,9.23,7.8,2.34,11.58,0.66,3.34,1.37,1.79,191.05
Ba2Mn2Te6,4.918679,5.608,0.1767,7.441,21.49,15.48,10.33,3,18.48,0.72,2.32,0.87,1.15,142.14
Ca2Cu2Se6,4.920246,0,0.2597,5.956,71.54,17.46,67.28,27.04,44.5,0.24,4.41,2.71,3.26,504.19
MgZnCl3,4.926674,0.316,1.2099,6.943,2.82,1.91,1.52,0.45,2.36,0.68,1.9,0.76,1,93.76
MgAgI3,4.936927,0.582,0.4214,7.565,19.45,8.43,15.8,5.51,13.94,0.43,3.36,1.79,2.24,192.21
Sr2Ir2F6,4.943656,-0.326,0.4783,5.439,17.69,9.58,12.5,4.05,13.63,0.54,2.01,0.96,1.23,207.84
Mg2Nb2O6,4.950889,0,2.2398,5.99,48.22,39.52,15.82,4.35,43.87,0.82,5.22,1.57,2.12,326.3
Mg2V2O6,4.977299,0.107,1.3947,5.565,67.41,30.56,53.55,18.42,48.99,0.45,6.64,3.47,4.35,719.63
Ba2Ag2F6,4.990201,0,0.9672,6.028,8.3,0.69,8.25,3.81,4.5,0.08,1.61,1.09,1.28,195.2
Ca2Co2Se6,4.990879,0.935,0.2905,6.295,25.84,24.12,3.32,0.86,24.98,0.93,2.82,0.51,0.72,104.49
Sr2Ni2O6,4.991862,3.777,1.2428,5.403,59.35,51.56,14.56,3.9,55.45,0.87,4.82,1.24,1.69,288.08
Mg2Cr2O6,4.996619,3.634,0.0465,5.503,40.89,21.31,29.78,9.79,31.1,0.52,5.1,2.49,3.17,529.45
BaMnSe3,5.00238,2.878,0.1392,6.855,19.77,9.56,15.14,5.1,14.67,0.48,3.36,1.71,2.15,204.2
Mg2Ti2Se6,5.002486,-0.001,0.176,7.14,30.97,12.89,25.6,9.04,21.93,0.42,3.65,1.97,2.45,315.99
Ba2Co2Se6,5.004812,0.282,0.1299,6.667,43.65,28.42,25.15,7.62,36.03,0.65,3.42,1.43,1.86,256.97
Mg2Zn2Se6,5.010597,0.438,0.0981,5.763,91.73,11.74,90.23,39.99,51.74,0.13,4.93,3.26,3.84,613.35
Ba2Co2S6,5.014921,1.465,0.2886,6.396,48.56,32.52,26.78,8.02,40.54,0.67,4.21,1.71,2.24,322.23
Ba2Mn2S6,5.016715,4.157,0.2771,6.563,27.91,13.73,21.16,7.09,20.82,0.49,3.3,1.66,2.1,294.06
BaNiO3,5.019308,3.8,2.9423,5.645,21.76,16.01,9.98,2.88,18.88,0.74,3.85,1.4,1.86,214.28
Sr2Fe2Se6,5.028812,4.25,0.2243,6.589,16.19,14.93,2.43,0.63,15.56,0.92,2.2,0.43,0.6,84.06
BaSnO3,5.03292,0,3.6112,6.093,11.07,5.63,8.21,2.72,8.35,0.51,2.66,1.32,1.67,178.02
Sr2Co2Se6,5.046974,0.186,0.1476,6.482,40.61,31.68,15.89,4.46,36.14,0.78,3.41,1.13,1.52,215.08
Ca2V2Se6,5.052671,2.201,0.5547,6.911,14.9,12.57,4.3,1.17,13.73,0.84,2.38,0.67,0.91,120.66
Ba2Mn2Se6,5.056156,4.307,0.2415,6.914,25.63,17.02,14.32,4.3,21.32,0.66,2.73,1.12,1.46,194.6
Mg2Fe2I6,5.080458,2.437,0.9355,7.772,16.71,-2.25,16.41,9.48,7.23,-0.13,2.39,1.8,2.03,240.6
BaNiS3,5.083696,0.177,0.3829,6.323,21.6,20.34,2.46,0.63,20.97,0.94,3.93,0.67,0.94,96.33
Mg2Cu2S6,5.094293,0,0.2519,5.529,52.92,7.26,51.92,22.83,30.09,0.14,4.79,3.14,3.72,618.33
CaIrF3,5.121812,1.697,0.6409,4.934,28.07,4.05,27.49,12.01,16.06,0.14,3.51,2.3,2.72,358.16
Sr2Co2S6,5.125482,0.853,0.418,6.2,46.25,39.48,12.56,3.39,42.87,0.85,4.37,1.18,1.61,239.5
Sr2Cu2Se6,5.151243,0,0.252,6.107,63.44,13.15,60.72,25.15,38.3,0.21,3.99,2.51,3,452.45
Ba2Fe2Se6,5.156192,2.863,0.1798,6.756,34.55,17.16,26.03,8.7,25.85,0.5,3.09,1.55,1.96,266.94
BaFeS3,5.169265,1.971,0.2191,6.472,8.36,-1.62,8.05,4.99,3.37,-0.19,2.51,1.94,2.17,218.28
SrSnO3,5.172405,1.794,1.6694,4.985,119.3,36.53,108.11,41.39,77.91,0.31,7.8,4.59,5.6,730.06
Ba2Co2O6,5.175537,3.848,0.32,5.593,52.5,40.01,22.01,6.24,46.25,0.76,4.19,1.44,1.93,317.48
Ba2Sn2O6,5.176468,1.747,0.0825,5.894,29.58,15.13,21.85,7.23,22.36,0.51,2.97,1.47,1.86,290.3
Mg2Nb2Se6,5.1765,0,1.2119,7.487,20.33,7.78,17.35,6.28,14.06,0.38,2.9,1.61,1.99,244.42
BaFeSe3,5.176933,2.111,0.0927,6.743,18.88,6.71,16.5,6.09,12.79,0.36,3.23,1.83,2.25,217.29
Ba2Ag2Se6,5.177055,0,0.1735,6.247,57.47,3.72,57.23,26.88,30.59,0.06,3.48,2.38,2.78,409.34
Ca2Ru2S6,5.177186,3.378,0.2807,6.465,27.26,10.99,22.83,8.14,19.13,0.4,3.54,1.93,2.4,341.3
Ca2Zn2Se6,5.195542,0,0.7934,5.831,107.03,18.51,103.83,44.26,62.77,0.17,5.26,3.39,4.03,635.19
Mg2Mo2S6,5.196469,1.649,0,6.868,6.13,5.7,0.85,0.22,5.92,0.93,1.87,0.35,0.49,65.73
Sr2Mn2Se6,5.200214,4.331,0.1668,6.742,14.06,9.62,7.48,2.22,11.84,0.68,2.1,0.83,1.09,149.27
CePtF3,5.208581,0.761,0.0265,4.786,76.09,47.72,46.17,14.19,61.9,0.63,4.81,2.08,2.7,366.75
Mg2Fe2O6,5.210037,3.816,0.4198,5.327,24.16,4.41,23.35,9.87,14.29,0.18,3.73,2.39,2.84,491.21
Ca2Ti2O6,5.211968,0,1.37,5.586,41.35,29.73,19.97,5.81,35.54,0.72,4.97,1.86,2.47,406.57
CaFeS3,5.220416,2.056,0.3466,6.045,19.38,19.14,0.49,0.12,19.26,0.99,4.38,0.35,0.49,52.81
MgPtO3,5.231345,0,1.2903,5.5,61.47,13.17,58.65,24.15,37.32,0.21,6.02,3.77,4.52,534.86
Ca2Ni2O6,5.244285,3.76,1.1796,5.307,36.24,34.8,2.82,0.72,35.52,0.96,4.26,0.6,0.84,145.61
Ba2Pb2O6,5.244855,1.756,1.1406,5.922,27.5,21.81,10.2,2.84,24.66,0.79,2.53,0.81,1.1,170.19
Ca2Re2S6,5.250983,1.726,0.0703,6.769,7.47,4.71,4.49,1.38,6.09,0.63,1.66,0.71,0.93,126.06
Ba2Cu2Br6,5.257463,0,3.7782,7.462,7.83,-1.77,7.43,4.8,3.03,-0.23,1.61,1.26,1.4,172.6
Ce2Sn2Se6,5.26255,1.922,0.0231,7.137,28.9,8.79,26.23,10.06,18.85,0.3,2.78,1.64,2,257.65
Sr2Pt2O6,5.263884,0,1.6256,5.749,59.22,35.11,38.4,12.06,47.16,0.59,3.93,1.77,2.28,365.54
Mg2Mo2Se6,5.267003,1.751,0.3194,7.233,9.6,8.53,2.01,0.53,9.06,0.89,1.91,0.45,0.62,78.92
Sr2Fe2S6,5.281183,4.577,0.3112,6.265,41.64,33.67,14.41,3.99,37.66,0.81,4.22,1.3,1.76,258.75
Mg2Ti2S6,5.292106,0,0.7112,6.82,34.62,12.6,30.03,11.01,23.61,0.36,4.99,2.82,3.47,467.78
Ca2Mn2Se6,5.303776,5.458,0.0994,6.664,0.53,0.44,0.18,0.05,0.48,0.82,0.43,0.13,0.18,24.34
Sr2Ag2S6,5.310212,0.047,0.1833,5.826,55.99,5.66,55.41,25.16,30.82,0.1,4.12,2.76,3.25,512.43
Sr2Cu2Cl6,5.340501,0,3.5406,6.974,8.93,4.65,6.5,2.14,6.79,0.52,2.1,1.03,1.3,171.88
Ba2Ir2S6,5.345366,1.404,0.3653,6.594,44.18,43.01,2.3,0.58,43.59,0.97,3.43,0.39,0.55,77.27
Ca2Cu2S6,5.345681,0.001,0.2157,5.684,58.9,15.65,54.74,21.63,37.27,0.27,4.98,3.02,3.65,590.97
SrAgF3,5.349527,0,2.6147,5.187,59.86,10.74,57.93,24.56,35.3,0.18,5.77,3.69,4.4,551.61
Ba2Zn2F6,5.350711,0,4.1505,5.747,29.91,5.21,29,12.35,17.56,0.17,3.15,2.02,2.41,385.32
Mg2Zn2S6,5.373272,0,0.6582,5.373,97.36,13.9,95.37,41.73,55.63,0.14,6.28,4.11,4.86,832.64
Sr2Zn2Se6,5.378104,0,0.8948,5.959,100.17,13.97,98.22,43.1,57.07,0.14,4.88,3.2,3.78,583.88
BaFeO3,5.417071,1.914,3.5895,5.719,29.89,22.51,12.93,3.69,26.2,0.75,4.6,1.61,2.15,245.05
Sr2Zn2F6,5.422912,0,4.0219,5.617,8.81,-0.31,8.8,4.56,4.25,-0.04,1.86,1.34,1.53,251.33
Sr2Cu2Br6,5.428676,0,3.3216,7.418,9.44,-4.77,7.03,7.1,2.33,-0.51,1.86,1.61,1.72,213.87
Ca2Cr2Se6,5.43481,6.087,0.3195,6.647,10.52,2.96,9.69,3.78,6.74,0.28,1.92,1.15,1.4,193.08
Ce2Sn2S6,5.436546,1.933,0.7505,6.82,35.15,10.16,32.22,12.5,22.66,0.29,3.46,2.07,2.51,338.48
Mg2Sn2O6,5.445681,1.73,0.1053,5.836,42.99,2.72,42.82,20.14,22.85,0.06,4.47,3.06,3.57,562.76
Mg2V2S6,5.445807,1.962,0.6375,6.662,28.27,10.45,24.4,8.91,19.36,0.37,4.37,2.45,3.02,417.48
Ba2Zn2Cl6,5.447626,0,4.3558,6.842,30.14,8.62,27.67,10.76,19.38,0.29,3.45,2.06,2.5,336.38
Sr2Co2O6,5.456258,4.436,0.1242,5.413,68.6,35.96,49.76,16.32,52.28,0.52,5.19,2.53,3.22,546.83
Mg2Co2I6,5.456871,4.208,0.389,7.781,18.47,0.54,18.46,8.97,9.5,0.03,2.51,1.75,2.03,239.58
CeIrF3,5.476025,-1.484,2.3964,4.836,56.43,26.02,44.43,15.2,41.23,0.46,4.2,2.18,2.74,368.38
Ba2Zn2Br6,5.488404,0,3.8804,7.34,18.17,8.65,14.04,4.76,13.41,0.48,2.4,1.23,1.55,193.86
Sr2Ag2F6,5.492967,0,0.7028,6.047,27.52,-0.78,27.5,14.15,13.37,-0.03,3.22,2.31,2.66,404.06
Mg2Nb2S6,5.49416,0,1.7775,7.085,28.35,9.66,25.05,9.34,19,0.34,4.17,2.39,2.94,381.15
Mg2V2Se6,5.49426,2.15,0.4922,7.014,40.73,14.14,35.83,13.3,27.43,0.35,4.09,2.34,2.87,376.41
Ba2Cu2Se6,5.50978,0.001,0.169,6.354,49.11,9.27,47.36,19.92,29.19,0.19,3.44,2.19,2.61,377.92
MgVF3,5.512673,1.928,1.3296,5.655,19.4,12.68,11.11,3.36,16.04,0.65,4.95,2.06,2.69,309.11
Mg2Cr2Se6,5.535613,4.21,0.2165,6.849,30.91,24.23,11.92,3.34,27.57,0.78,3.47,1.14,1.53,206.07
Sr2Cu2O6,5.544663,2.05,1.2375,5.367,47.68,44.31,6.5,1.68,46,0.93,4.24,0.8,1.11,189.81
Ba2Cu2O6,5.545152,2.054,1.7476,5.549,48.99,46.21,5.4,1.39,47.6,0.94,3.98,0.67,0.93,154.77
Sr2Zn2Cl6,5.565693,0,4.0411,6.737,20.21,12.13,12.93,4.04,16.17,0.6,3.04,1.36,1.75,239.32
Ca2Co2O6,5.574925,3.855,0.273,5.308,56.71,34.4,35.85,11.16,45.56,0.61,5.32,2.36,3.05,528.91
Ca2Cu2Cl6,5.575232,0,3.2164,6.975,11.16,2.86,10.43,4.15,7.01,0.26,2.6,1.58,1.91,252.21
Ba2Ag2Br6,5.585548,0,2.8586,7.664,8.05,5.9,3.72,1.07,6.97,0.73,1.59,0.58,0.77,92.79
Ca2Zn2S6,5.602063,0,0.9301,5.5,112.01,14.17,110.22,48.92,63.09,0.13,6.62,4.37,5.16,863.11
Ba2Ag2O6,5.619638,1.915,1.5683,5.849,14.28,9.4,8.1,2.44,11.84,0.66,2.08,0.86,1.13,177.15
Ba2Ag2Cl6,5.633697,0,2.6728,7.165,11.61,5.28,9.21,3.16,8.45,0.46,2.1,1.1,1.38,176.65
Ba2Ag2S6,5.636269,0.077,0.267,6.169,31.88,2.13,31.73,14.87,17,0.07,3.04,2.08,2.43,361.99
Sr2Cu2S6,5.698884,0.039,0.0933,5.931,48.93,14.39,44.7,17.27,31.66,0.29,4.26,2.53,3.08,477.15
Ca2Pt2O6,5.699871,0,1.8278,5.689,52.35,40.35,21.25,6,46.35,0.77,3.95,1.34,1.79,289.59
Ca2Cu2Br6,5.700191,0,3.2212,7.453,8.49,7.16,2.45,0.66,7.82,0.84,1.89,0.53,0.72,89.01
Mg2Pb2O6,5.755853,1.696,0.1894,6.065,40.26,-13.3,35.87,26.78,13.48,-0.33,3.72,3.03,3.32,503.85
Mg2Cu2Cl6,5.869103,0,2.9736,7.227,10.08,-9.6,0.93,9.84,0.24,-0.95,2.66,2.63,2.64,336.38
Sr2Pb2O6,5.879769,1.824,0.9079,5.788,30.41,19.67,17.69,5.37,25.04,0.65,2.78,1.17,1.52,242.37
Sr2Sn2O6,5.909227,1.739,0.2976,5.694,21.44,14.01,12.28,3.71,17.72,0.65,2.67,1.11,1.45,234.32
Mg2Zn2Br6,5.909449,0,2.8824,7.702,15.1,8.33,10.5,3.38,11.71,0.55,2.66,1.26,1.61,192.43
Mg2Mn2O6,5.915891,5.628,1.9778,5.444,38.12,28.45,16.89,4.84,33.28,0.75,4.81,1.71,2.28,385.74
Ba2Cu2S6,6.001459,0.036,0.3343,6.196,44.4,14.65,39.57,14.88,29.53,0.33,3.87,2.24,2.74,406.79
Ca2Ag2O6,6.005844,1.744,0.768,5.465,16.53,5.78,14.51,5.37,11.16,0.35,2.56,1.46,1.8,302.15
MgAgF3,6.033059,0,1.642,4.832,134.37,-17.37,132.13,75.87,58.5,-0.13,9.3,6.99,7.9,1063.4
Mg2Cu2Br6,6.087436,0,2.9866,7.646,18.29,-3.26,17.71,10.77,7.51,-0.18,2.92,2.24,2.51,302.18
Mg2Ni2O6,6.278254,0.015,0.7951,5.292,16.96,-0.32,16.96,8.64,8.32,-0.02,3.07,2.19,2.53,439.14
Ca2Ag2Br6,6.303109,0,2.9754,7.864,2.74,-2.27,0.86,2.5,0.23,-0.83,1.07,1.02,1.04,122.01
Mg2Co2O6,6.358534,1.916,0.1468,5.298,40.58,12.6,36.67,13.99,26.59,0.31,4.76,2.79,3.41,591.4
Mg2Cu2O6,6.473814,2.81,0.7752,5.255,13.3,10.55,4.93,1.37,11.92,0.79,2.65,0.85,1.15,201.09
Ca2Sn2O6,6.592659,1.822,0.4099,5.585,20.54,-1.84,20.38,11.19,9.35,-0.09,2.84,2.1,2.39,393.14
Mg2Ti2O6,6.676509,0,1.8899,5.78,128.62,-35.44,118.86,82.03,46.59,-0.28,9.66,7.71,8.52,1356.01
Mg2Ag2Br6,6.786902,0,3.0298,7.971,8.06,-3.22,6.78,5.64,2.42,-0.4,1.9,1.59,1.72,198.43
Ce2Pb2F6,6.881801,2.242,0.0377,5.674,21.3,3.7,20.66,8.8,12.5,0.17,2.1,1.35,1.61,260.66
Mg2Zn2F6,6.936281,0,4.9182,6.024,41.28,-10.74,38.49,26.01,15.27,-0.26,5.16,4.1,4.54,692.77
Mg2Ag2Cl6,6.95388,0,3.208,7.534,19.88,-8.01,16.66,13.95,5.94,-0.4,3.51,2.94,3.19,389.39